index,after_merge,before_merge,secure_results_codeT5,optimized_results_codeT5,secure_results_T5,optimized_results_T5
0,"def cmdb_get_mainline_object_topo(request, bk_biz_id, bk_supplier_account=''):
    """"""
    @summary: 获取配置平台业务拓扑模型
    @param request:
    @param bk_biz_id:
    @param bk_supplier_account:
    @return:
    """"""
    kwargs = {
        'bk_biz_id': bk_biz_id,
        'bk_supplier_account': bk_supplier_account,
    }
    client = get_client_by_user(request.user.username)
    cc_result = client.cc.get_mainline_object_topo(kwargs)
    if not cc_result['result']:
        message = handle_api_error(_(u""配置平台(CMDB)""),
                                   'cc.get_mainline_object_topo',
                                   kwargs,
                                   cc_result['message'])
        return {'result': cc_result['result'], 'code': cc_result['code'], 'message': message}
    data = cc_result['data']
    for bk_obj in data:
        if bk_obj['bk_obj_id'] == 'host':
            bk_obj['bk_obj_name'] = 'IP'
    result = {'result': cc_result['result'], 'code': cc_result['code'], 'data': cc_result['data']}
    return JsonResponse(result)","def cmdb_get_mainline_object_topo(request, bk_biz_id, bk_supplier_account=''):
    """"""
    @summary: 获取配置平台业务拓扑模型
    @param request:
    @param bk_biz_id:
    @param bk_supplier_account:
    @return:
    """"""
    kwargs = {
        'bk_biz_id': bk_biz_id,
        'bk_supplier_account': bk_supplier_account,
    }
    client = get_client_by_request(request)
    cc_result = client.cc.get_mainline_object_topo(kwargs)
    if not cc_result['result']:
        message = handle_api_error(_(u""配置平台(CMDB)""),
                                   'cc.get_mainline_object_topo',
                                   kwargs,
                                   cc_result['message'])
        return {'result': cc_result['result'], 'code': cc_result['code'], 'message': message}
    data = cc_result['data']
    for bk_obj in data:
        if bk_obj['bk_obj_id'] == 'host':
            bk_obj['bk_obj_name'] = 'IP'
    result = {'result': cc_result['result'], 'code': cc_result['code'], 'data': cc_result['data']}
    return JsonResponse(result)","1. Use `json.dumps()` to serialize the data instead of `handle_api_error()`.
2. Use `json.dumps()` to serialize the data instead of `handle_api_error()`.
3. Use `json.dumps()` to serialize the data instead of `handle_api_error()`.","1. **Use `functools.lru_cache` to cache the results of `get_client_by_request`.** This will improve performance by avoiding repeated function calls.
2. **Use `collections.defaultdict` to avoid creating a new dictionary every time.** This will reduce the number of lines of code and make it easier to read.
3. **Use `json.dumps` to serialize the result instead of using `json.dumps`.** This will prevent you from accidentally passing in the `data` data directly.",1. Use functools.lru_cache to cache the results of get_client_by_request. 2. Sanitize user input to prevent SQL injection attacks. 3. Use json.response to check if the client is a client.,1. **Use functools.lru_cache to cache the results of get_client_by_request.** This will make the code more concise and easier to read. 2. **Use json.response to get the client by_request.** This will make the code more concise and easier to read. 3. **Use json.response to return the JsonResponse function.
1,"def cc_search_object_attribute(request, obj_id, biz_cc_id, supplier_account):
    """"""
    @summary: 获取对象自定义属性
    @param request:
    @param biz_cc_id:
    @return:
    """"""
    client = get_client_by_user(request.user.username)
    kwargs = {
        'bk_obj_id': obj_id,
        'bk_supplier_account': supplier_account
    }
    cc_result = client.cc.search_object_attribute(kwargs)
    if not cc_result['result']:
        message = handle_api_error('cc', 'cc.search_object_attribute', kwargs, cc_result['message'])
        logger.error(message)
        result = {
            'result': False,
            'data': [],
            'message': message
        }
        return JsonResponse(result)

    obj_property = []
    for item in cc_result['data']:
        if item['editable']:
            obj_property.append({
                'value': item['bk_property_id'],
                'text': item['bk_property_name']
            })

    return JsonResponse({'result': True, 'data': obj_property})","def cc_search_object_attribute(request, obj_id, biz_cc_id, supplier_account):
    """"""
    @summary: 获取对象自定义属性
    @param request:
    @param biz_cc_id:
    @return:
    """"""
    client = get_client_by_request(request)
    kwargs = {
        'bk_obj_id': obj_id,
        'bk_supplier_account': supplier_account
    }
    cc_result = client.cc.search_object_attribute(kwargs)
    if not cc_result['result']:
        message = handle_api_error('cc', 'cc.search_object_attribute', kwargs, cc_result['message'])
        logger.error(message)
        result = {
            'result': False,
            'data': [],
            'message': message
        }
        return JsonResponse(result)

    obj_property = []
    for item in cc_result['data']:
        if item['editable']:
            obj_property.append({
                'value': item['bk_property_id'],
                'text': item['bk_property_name']
            })

    return JsonResponse({'result': True, 'data': obj_property})","1. Use `get_client_by_request` to get the client by request.
2. Use `handle_api_error` to handle API errors.
3. Use `json.dumps` to serialize the response data instead of `str`.","1. **Use `json.dumps()` instead of `handle_api_error()`.** This will reduce the number of lines of code and make it easier to read.
2. **Use `json.dumps()` to serialize the data instead of manually creating a new object.** This will prevent you from injecting malicious code into the client.
3. **Use `json.dumps()` to serialize the data instead of manually calling `handle_api_error()`.** This will prevent you from accidentally using unnecessary JSON parsing.",1. Use functools.lru_cache to cache the results of get_client_by_request. 2. Use obj.search_object_attribute to get client_by_request. 3. Use obj.search_object_attribute to get client_by_request.,1. Use functools.lru_cache to cache the results of get_client_by_request and get_client_by_request. 2. Use obj.search_object_attribute to get client_by_request. 3. Use obj.search_object_attribute to get client_by_request.
